Optimizer,N_runs,Final_Error_Median_mm,Final_Error_Mean_mm,Final_Error_Std_mm,RMSE_Median_mm,RMSE_Mean_mm,RMSE_Std_mm,Improvement_Median_pct,Improvement_Mean_pct,Improvement_Std_pct,Steps_to_Target_Median,Steps_to_Target_Mean,Steps_to_Target_Std,Success_Rate_pct
Nelder-Mead,10,0.06713416223647073,0.06713416223647073,0.0,0.14941793535071915,0.14941793535071915,0.0,83.73903807830716,83.73903807830717,1.4210854715202004e-14,,,,0.0
BO (zero mean),10,0.04588232150126714,0.046206747902033385,0.014695264180731568,0.17920247666661868,0.18133502998951237,0.018142481875547345,88.88657193363085,88.80799069907741,3.5594267257017735,82.5,82.5,5.5,20.0
BO_prior (mismatched),10,0.0064857601955736754,0.00652181565783394,0.0015869147257482643,0.0708851557643374,0.0734903520547658,0.008362576005692538,98.42904571889986,98.42031251244653,0.38437598785358357,14.0,12.9,4.592385001282014,100.0
BO_prior (matched),10,0.006216130941538722,0.005992406886434765,0.0010877565888490505,0.05982768036214083,0.060019935977924765,0.0011940303297362763,98.49435421291807,98.54854373759251,0.26347194754648734,4.0,3.6,1.2806248474865698,100.0
